review,words
go,abuse
fuck,anal
sleep,analsex
adam,anus
mansbach,asshole
illustrated,asslick
ricardo,asslover
cort√©s,asswhore
cats,asswipe
nestle,babe
close,badfuck
kittens,balllicker
lambs,balls
laid,ballsack
sheep,banging
cozy,barf
warm,lust
bed,bastard 
dear,bazongas
please,bazooms
go,shut
fuck,bitch
sleep,blowjob
windows,boner
dark,boob
town,boobies
child,boobs
whales,booby
huddle,booty
deep,bootycall
read,bountybar
one,bra
last,brothel
book,bugger
swear,buggered
go,buggery
fuck,bulldike
sleep,buried
eagles,buttfucker
soar,cigarette
sky,cock
rest,cocksuck 
like,condom
creatures,cum
crawl,cumfest
run,cuntfuck
creep,damnit
know,demon
thirsty,dick
bullshit,dildo
stop,drig
lying,dumbfuck
lie,eatpussy
fuck,ejaculation
darling,erect
sleep,escort
wind,execution
whispers,faggot
soft,fastfuck
grass,fingerfuck 
hon,footlicker
field,footstar
mice,fuck
make,fucked
peep,fuckedup
thirty,fucker
eight,fuckers
minutes,fuckface
already,fuckfest
jesus,fuckfreak
christ,fuckfriend
fuck,fuckhead
go,fuckher
sleep,fuckin
nursery,fuckina
kids,fucking
dreamland,fuckingbitch
froggie,fuckinnuts
made,fuckinright
lust,fuckit
leap,fuckknob
hell,fuckme 
go,fuckmehard
bathroom,fucktard
know,fuckwhore
breast,fuckyou
fuck,fudgepacker
sleep,funfuck
owls,gaysex 
fly,goddamn
forth,gotohell
treetops,gummer
air,gyppo
soar,hell
sweep,heterosexual
hot,homobangers
crimson,homosexual
rage,hook
fills,hooker
heart,horny
love,hotdamn
come,hotpussy
shut,hottotrot
fuck,idiot
sleep,jerkoff
cubs,jiz 
lions,lesbian
snoring,lesbo
wrapped,marijuana
big,masturbate
snuggly,masturbating
heap,milf
come,moron
bitch,motherfucker
shit,motherfuckin
lie,motherfucking
fuck,naked
sleep,narcotic
seeds,nasty
slumber,nastybitch
beneath,nastywhore
earth,necro
crops,nipple
farmers,nofuckingway
reap,oral
questions,orgasm
interview,panties
got,penis
two,phonesex
words,pimp
kid,piss
boner,poop
fucking,porn
sleep,pornflick
tiger,pornking
reclines,porno
simmering,pornography
boobs,premature
sparrow,pric
silenced,prick
cheep,prickhead
fuck,primetime
stuffed,propaganda
bear,pros
booty,prostitute
shit,pube
pussy,pussy
bra,racist
cut,radical
crap,radicals
sleep,raghead
tiger,rape
reclines,raped
simmering,raper
jungle,rapist
sparrow,rearend
brothel,rearentry
cheep,retard
fuck,retarded
stuffed,screw
bear,screwyou
getting,scrotum
shit,scum
close,semen
eyes,seppo
cut,servant
crap,sex
sleep,sexing
giant,sexpot
pangolins,sexslave
madagascar,sextogo
snoozing,sextoy
lie,sextoys
openly,sexual
weep,sexually
sure,sexwhore
fine,sexy
whatever,shit
bring,shitcan
milk,shitdick
fuck,shite
cares,shiteater
going,shited
sleep,shitface
room,shitfaced
remember,shitfit
furniture,shitforbrains
crappy,shitfuck
cheap,shit
win,shortfuck
escape,skank
run,skankbitch
hall,skankfuck
nod,skankwhore
fuck,skanky
sleep,skankybitch
bleary,skankywhore
dazed,skum
awaken,skumbag
find,slutt
eyes,slutting
shut,slutty
keep,slutwhore
fingers,spank
crossed,sperm
tight,stupid
tiptoe,stupidfuck
away,stupidfucker
pray,suck
fucking,sucker
asleep,suckme
finally,suckmyass
watching,suckmydick
movie,suckmytit
popcorn,suckoff
microwave,suicide
beep,swallow
oh,swallower
shit,testicle
goddamn,thirdleg
got,threesome
kidding,threeway
come,timbernigger
go,tinkle
fuck,tit
back,vagina
sleep,vaginal
porno,wank
prostitute,whop
pussy,whore
pube,whorefucker
porno,tities
